path,size_bytes,width,height
IMG_1183_Original.jpg,13176,151,201
IMG_1335_Original.jpg,181870,686,915
IMG_1380_Original.jpg,22797,192,256
IMG_1805_Original.jpg,158465,686,915
IMG_3053_Original.jpg,193156,686,915
TopTierElectrical_Primary_Black_2048.png,411221,2048,2048
TopTierElectrical_Primary_FlatGold_2048.png,442019,2048,2048
TopTierElectrical_Primary_FlatGold_4096.png,1214175,4096,4096
TopTierElectrical_Primary_FlatGold_512.png,53223,512,512
TopTierElectrical_Primary_White_2048.png,439610,2048,2048
TopTierElectrical_Primary_White_512.png,50242,512,512
TopTier_Implementation_Guide-01.jpg,59117,1700,2200
TopTier_Implementation_Guide-02.jpg,22683,1700,2200
TopTier_Implementation_Guide-03.jpg,220413,1700,2200
TopTier_Implementation_Guide-04.jpg,235253,1700,2200
TopTier_Implementation_Guide-05.jpg,78050,1700,2200
TopTier_Implementation_Guide-06.jpg,296905,1700,2200
TopTier_Implementation_Guide-07.jpg,68330,1700,2200
TopTier_Implementation_Guide-08.jpg,158304,1700,2200
TopTier_Implementation_Guide-09.jpg,162912,1700,2200
TopTier_Implementation_Guide-10.jpg,111268,1700,2200
TopTier_Implementation_Guide-11.jpg,216276,1700,2200
TopTier_Implementation_Guide-12.jpg,169944,1700,2200
TopTier_Implementation_Guide-13.jpg,277513,1700,2200
TopTier_Implementation_Guide-14.jpg,160701,1700,2200
TopTier_Implementation_Guide-15.jpg,176651,1700,2200
TopTier_Implementation_Guide-16.jpg,107955,1700,2200
TopTier_Implementation_Guide-17.jpg,63644,1700,2200
TopTier_Implementation_Guide-18.jpg,253951,1700,2200
TopTier_Implementation_Guide-19.jpg,38859,1700,2200
TopTier_Implementation_Guide-20.jpg,197130,1700,2200
TopTier_Implementation_Guide-21.jpg,24851,1700,2200
TopTier_Implementation_Guide-22.jpg,240314,1700,2200
TopTier_Implementation_Guide-23.jpg,193569,1700,2200
assets/images/TopTierElectrical_logo_gold_qb_transparent.png,279092,1280,1280
assets/images/hero-original.jpg,2352663,1536,1024
assets/images/hero.jpg,246897,1600,1200
assets/images/logo.svg,204,,
assets/images/projects/3-phase-service.jpg,258387,1600,2133
assets/images/projects/480v-3-phase-2.jpg,708425,1600,2133
assets/images/projects/480v-3-phase.jpg,708425,1600,2133
assets/images/projects/IMG_0567.jpg,731211,1536,2048
assets/images/projects/IMG_8164.jpg,689334,1536,2048
assets/images/projects/IMG_8262.jpg,934140,2048,1536
assets/images/projects/barn-photo.jpg,946367,1536,2048
assets/images/projects/carl-2.jpg,264083,1600,2400
assets/images/projects/carl-3.jpg,264083,1600,2400
assets/images/projects/carl.jpg,264083,1600,2400
assets/images/projects/conduit-2.jpg,379305,1600,2133
assets/images/projects/conduit-3.jpg,379305,1600,2133
assets/images/projects/conduit-piping-2.jpg,311517,1600,2133
assets/images/projects/conduit-piping-3.jpg,311517,1600,2133
assets/images/projects/conduit-piping.jpg,311517,1600,2133
assets/images/projects/conduit.jpg,379305,1600,2133
assets/images/projects/control-cabinet-2.jpg,348645,1600,2133
assets/images/projects/control-cabinet-3.jpg,323270,1600,2133
assets/images/projects/control-cabinet-4.jpg,348645,1600,2133
assets/images/projects/control-cabinet-5.jpg,323270,1600,2133
assets/images/projects/control-cabinet-6.jpg,348645,1600,2133
assets/images/projects/control-cabinet.jpg,323270,1600,2133
assets/images/projects/control-work-2.jpg,366637,1600,2133
assets/images/projects/control-work-3.jpg,366637,1600,2133
assets/images/projects/control-work.jpg,366637,1600,2133
assets/images/projects/dust-collector-motor-2.jpg,311750,1600,1200
assets/images/projects/dust-collector-motor-3.jpg,311750,1600,1200
assets/images/projects/dust-collector-motor.jpg,311750,1600,1200
assets/images/projects/dust-collector-system-2.jpg,443067,1600,2133
assets/images/projects/dust-collector-system-3.jpg,443067,1600,2133
assets/images/projects/dust-collector-system.jpg,443067,1600,2133
assets/images/projects/electrical-project-49-1200-2.jpg,343244,1600,1200
assets/images/projects/electrical-project-49-1200-3.jpg,343244,1600,1200
assets/images/projects/electrical-project-49-1200.jpg,343244,1600,1200
assets/images/projects/fire-response-2.jpg,478187,1600,2133
assets/images/projects/fire-response-3.jpg,478187,1600,2133
assets/images/projects/fire-response.jpg,0,error,error
assets/images/projects/gas-station-service.jpg,4674447,5712,4284
assets/images/projects/horse-stall-lighting.jpg,2417036,4032,3024
assets/images/projects/kitchen-led-2.jpg,239793,1600,2133
assets/images/projects/kitchen-led-3.jpg,239793,1600,2133
assets/images/projects/kitchen-led.jpg,239793,1600,2133
assets/images/projects/led-handrail-2.jpg,183095,1600,2133
assets/images/projects/led-handrail-3.jpg,183095,1600,2133
assets/images/projects/led-handrail-4.jpg,1427891,4032,3024
assets/images/projects/led-handrail-5.jpg,1468371,3024,4032
assets/images/projects/led-handrail.jpg,183095,1600,2133
assets/images/projects/led-shelfs-2.jpg,195846,1600,1200
assets/images/projects/led-shelfs-3.jpg,195846,1600,1200
assets/images/projects/led-shelfs.jpg,195846,1600,1200
assets/images/projects/led-shelves-2.jpg,183441,1600,1200
assets/images/projects/led-shelves-3.jpg,183441,1600,1200
assets/images/projects/led-shelves.jpg,183441,1600,1200
assets/images/projects/lighting-2.jpg,246897,1600,1200
assets/images/projects/lighting-3.jpg,246897,1600,1200
assets/images/projects/lighting.jpg,246897,1600,1200
assets/images/projects/logo-2.jpg,177124,1600,1600
assets/images/projects/logo-3.jpg,177124,1600,1600
assets/images/projects/logo.jpg,177124,1600,1600
assets/images/projects/motor-2.jpg,224727,1600,2133
assets/images/projects/motor-3.jpg,224727,1600,2133
assets/images/projects/motor-control.jpg,2428905,3024,4032
assets/images/projects/motor.jpg,224727,1600,2133
assets/images/projects/myenergi-4SyUf9MvWjU-unsplash.jpg,274031,1920,1080
assets/images/projects/panel-work.jpg,2699241,3024,4032
assets/images/projects/pipe-rack-2.jpg,297056,1600,2133
assets/images/projects/pipe-rack-3.jpg,297056,1600,2133
assets/images/projects/pipe-rack.jpg,297056,1600,2133
assets/images/projects/piping-2.jpg,284914,1600,2133
assets/images/projects/piping-3.jpg,284914,1600,2133
assets/images/projects/piping.jpg,284914,1600,2133
assets/images/projects/selenoids-2.jpg,336758,1600,2133
assets/images/projects/selenoids-3.jpg,336758,1600,2133
assets/images/projects/selenoids.jpg,336758,1600,2133
assets/images/projects/service-after-2.jpg,234431,1600,1200
assets/images/projects/service-after-3.jpg,234431,1600,1200
assets/images/projects/service-after.jpg,234431,1600,1200
assets/images/projects/service-upgrade-before-2.jpg,358356,1600,2133
assets/images/projects/service-upgrade-before-3.jpg,358356,1600,2133
assets/images/projects/service-upgrade-before.jpg,358356,1600,2133
assets/images/projects/storm-emergency.jpg,217387,1500,2000
assets/images/projects/transformer-2.jpg,390101,1600,2133
assets/images/projects/transformer-3.jpg,390101,1600,2133
assets/images/projects/transformer.jpg,390101,1600,2133